1.919508280677135081e+00,2.523024205108155837e-01
9.215276630075115438e-01,9.184850635965978449e-02
2.370356370417839587e-01,-2.868936669683934682e-01
1.938403514510537384e+00,-1.574821870385519629e-01
7.719184796399873871e-01,7.508187053576110825e-01
1.120924545006088735e+00,-5.780647482641689816e-01
4.170710656739545219e-01,6.513648445817855626e-01
8.590887588680908848e-01,-4.694283522848575751e-01
4.803624672160478060e-01,-3.034817289379663219e-01
1.685947702027786210e+00,-2.108687089810990511e-01
9.544816870212685656e-01,1.975932918272435002e-01
1.919035703574923035e+00,2.205941736043196821e-01
1.625336921610219587e+00,-2.449172428757288300e-01
-3.147494829204814382e-01,9.511420134877013322e-01
-4.354806677873698240e-01,8.664666936440655887e-01
1.472379303572472375e+00,-2.344933465502860304e-01
-8.809162125648176689e-01,6.152862699480468045e-01
2.046773438826126057e+00,3.278450593558583925e-01
2.548847821627496235e-01,8.367905043856849190e-01
-8.832277815772447971e-01,2.526509620874640150e-01
1.305281160216904268e-01,8.990317467402166862e-01
1.182862791428468618e+00,-4.815951665236640755e-01
4.580661794233298334e-01,-3.885891126920759109e-01
-5.947685567380401883e-01,7.369172970281419044e-01
-4.367499908574100087e-01,9.225927625560651490e-01
2.152494692826180112e-01,1.036739632065045047e+00
1.597036254027530244e+00,-4.960573281415516789e-01
6.497786703221511972e-01,-4.026949738699260872e-01
1.658545181220042908e+00,-2.900959779381906967e-01
1.612386762248195327e+00,-3.378271522135347649e-01
3.332822694650676709e-01,-4.932382325096917874e-02
1.815779709985172019e+00,-2.247322002038854571e-01
9.345401549704233091e-01,-7.679996400089188213e-02
3.991854552962373903e-01,-3.004529882723134260e-01
1.469471239597168744e-01,2.066654755347574479e-02
3.322982007887959055e-01,-3.342840900013230865e-01
2.071737900514283304e+00,-6.850577176682851044e-02
6.143325119079259267e-01,1.035592531666816196e+00
3.105871709583030160e-01,-1.251070817856426154e-01
3.574205727754319328e-01,-2.578663375992401585e-01
1.576417000512123634e+00,-3.088901950345006031e-01
9.903806811668539600e-01,3.181374729745815588e-01
-7.457700011350399949e-01,6.228839679862802070e-01
2.887871659020121995e-01,1.020754558864085393e+00
-1.975824531578220244e-01,1.149478131075140741e+00
1.449296874005690405e+00,-3.961157062783238203e-01
8.275619794101276572e-01,4.114072092216382592e-01
2.569923610604417374e-02,2.793939131198028836e-01
1.931391955258675353e+00,-1.912923141683137152e-01
1.284166631146614002e+00,-3.312982520010079313e-01
1.370528649718455450e+00,-4.941584067914179257e-01
2.034931620194774027e+00,4.599855185617674480e-01
1.506589033700395097e+00,-3.259040433591643970e-01
2.725625481414796214e-01,3.026376070272347452e-01
1.801100115640270394e+00,-1.757141897386861884e-01
-9.933671272375692585e-01,6.185301451318891974e-02
9.187363664308850764e-01,-3.439750697899465748e-03
9.661264441274643178e-02,1.006009366707282249e+00
-5.232989414790387150e-02,6.215580129349951299e-01
1.763729323733496557e+00,-1.368920759512856078e-01
1.924506333988791340e+00,6.805636209411161652e-02
1.289154081632521986e+00,-2.608294893609118814e-01
-9.219886084825250627e-01,8.165865109814676726e-02
9.891936631991919693e-02,4.580283785218577930e-01
1.708522847822941282e+00,-2.197949474242522072e-02
1.910713780744768275e+00,3.998119710664126830e-02
5.529842536510740647e-01,9.740428824907826355e-01
-1.162188041454843113e+00,2.650676710357754984e-01
1.629852683472632346e+00,-1.761849785252725953e-01
1.986868450830113320e+00,-2.537236568969682970e-01
4.888113524403947530e-01,1.039832078589273401e+00
-5.835349084076640880e-01,5.903125180360062618e-01
5.195563268463457840e-01,9.112379538480821495e-01
-7.013533057021511530e-01,6.191116410574860618e-01
-2.820483966167368350e-02,5.154238230630776574e-01
4.835267453998813303e-01,1.002973216516362065e+00
5.593133112331640788e-01,-6.940528218442154618e-02
4.573999533744525503e-01,7.551386498551523330e-01
6.072875949652581928e-01,7.685472740975838324e-01
-5.504441852245106626e-01,8.954171437384298438e-01
-4.272454037098637469e-01,9.486158561436277559e-01
2.025103980197582865e-01,-1.119093141829254900e-01
1.245670217884059794e-01,-6.269173032943631263e-02
2.496030695644068376e-01,-1.475305513139049396e-01
2.040352961994186254e-01,-4.106996808472892502e-01
1.550156675457089461e+00,-3.293974196793383880e-01
9.493016605122970297e-01,4.791121385118532472e-02
-1.012620833929644526e+00,4.930915200665348941e-01
2.083572813073350516e-03,1.119669546336469423e+00
1.163258090864373484e+00,-6.299936284897117433e-01
1.788556448124408171e-01,8.611604565686109547e-02
8.568655599992790473e-01,-5.296875547689469110e-01
6.861733295084524453e-01,-4.532632893853173472e-01
1.608342773853711494e-01,1.055126917802245323e+00
3.159689889172761501e-01,7.517439115007626960e-01
1.379314337535421542e+00,-3.986884031168813625e-01
9.091699384459437372e-01,-6.642334377102621090e-01
4.092522708835065748e-01,-2.914016405420853384e-01
-2.884619206177959638e-01,9.033402688664609048e-01
4.693196883752098758e-02,9.022907716927351940e-01
-5.140531962724013137e-01,7.856028776393301216e-01
2.465353743938918374e-01,1.026870928842769315e+00
3.485261383216899933e-01,9.039882894203146169e-01
1.735340533312294431e+00,-2.318426833312954571e-02
-8.857480413541991560e-01,4.775503073931076647e-01
6.860395421374657632e-01,6.328142286074878164e-01
1.885550154554279864e-02,1.140508521484400184e+00
1.959424819951264940e+00,2.247737997264758758e-01
2.393252121546515510e-01,9.873271982254794299e-01
8.440505894059153746e-01,4.536385377448786671e-01
2.058524849197760798e+00,4.895600301575525060e-01
5.890700974115541388e-01,1.039752724290249786e+00
1.755209624884260577e+00,-6.800935461658937087e-02
-6.602201311546579410e-01,5.769860730717190078e-01
1.908331039969491938e+00,2.739119466258481128e-01
8.554177248824279545e-01,5.610348836057393873e-01
-9.850059462165930979e-01,5.104746627488603306e-01
1.986966480569933413e+00,2.925665255144853094e-01
3.585507203913918528e-01,9.167863982824243640e-01
1.629392110350413425e+00,-2.482675351019980048e-01
1.013998525551718988e+00,-4.768672543263984265e-01
-1.071982231153846499e+00,4.138621015235779410e-01
5.848133534934167876e-01,-4.075294224213711902e-01
-1.521486800160606889e-01,8.073586889085351270e-01
-1.771097092324390720e-01,1.094992027381967103e+00
-5.722111091632413604e-01,7.613735095000783160e-01
-2.013799517333784289e-02,2.953553802861543787e-01
-1.132535537168135042e-01,3.134467280242939080e-01
-7.482550941223847785e-01,2.759738322776703057e-01
8.769144404731212816e-01,-2.719721136375879977e-01
2.022594551498151788e-02,4.270322683314592416e-02
1.867733330246342360e+00,-7.732565114334333245e-02
1.043995946970480926e+00,3.300731226250791517e-01
1.072894586546773388e+00,7.906929935309148227e-02
-2.622377109786605542e-01,1.111067371325254127e+00
1.020202052660125425e+00,4.706532591009732203e-01
2.001724456927755025e+00,5.018500474384275656e-02
-8.602494468538997019e-01,-6.723469003179236014e-02
1.029319601287338459e+00,3.990352488649431817e-01
5.925416335593532979e-01,-3.539536414974303602e-01
-5.447447828339905262e-01,8.465326399283733538e-01
1.297320661401344166e+00,-4.700273375119794483e-01
1.818875218991463094e-01,-2.440784490142967333e-01
9.797043876582539612e-02,2.933672720175565241e-01
3.685377599334276333e-01,-4.107931685800104704e-01
8.224277883834146818e-01,6.201523003592288585e-01
8.123405642100512969e-01,7.271709477279391098e-01
5.848271056146245872e-01,7.113166354532498570e-01
1.431486440149749573e-01,-3.594538098788624403e-02
-1.022144636293472519e+00,3.802797800259154481e-01
8.774346226784773828e-01,3.980511874504317760e-01
1.798871000387309405e+00,3.925023650494878780e-01
8.626963440867374544e-02,-7.611716235723917090e-02
4.160672889453669310e-01,9.476696572224995174e-01
1.697924289423917932e+00,-1.529480429365500105e-01
1.556909968550518553e+00,-3.125056760246116561e-01
-7.333686749236301150e-01,7.384149941091868730e-01
6.400217851244353051e-01,9.211442607913660208e-01
1.112789540520634057e+00,9.556831877961614874e-02
6.123751853631368425e-01,7.960631349854156991e-01
-1.140938966297292412e+00,3.816536033760814517e-02
1.454323963807711007e-01,3.942896097199291017e-01
1.149604982039739598e+00,-3.804112305997902066e-01
3.404617835064893683e-01,9.964423495506324890e-01
9.172370955199621312e-01,1.734164779323326411e-01
-1.002266143567740464e+00,3.858185900189715634e-01
-5.740411801652846036e-01,8.038087673758297358e-01
1.141965050744276899e+00,-2.357726663666687150e-01
-3.983032804808884220e-01,1.033276498580394831e+00
4.971337312089909033e-01,-1.410788105703662809e-01
-6.345509321553675086e-01,6.704530649575780599e-01
-2.585687260951443078e-01,9.215344137093748333e-01
1.517547743775228275e-01,8.624134538650850279e-02
5.550025053296003819e-01,-4.105738997320917405e-01
1.041752000182213811e+00,-6.277562392902078514e-01
-1.178548866717686439e+00,1.962812710811402406e-01
6.661316106724218811e-01,6.586870864610784304e-01
-9.354922396783935667e-01,2.021868775698243414e-02
7.823394543309555305e-01,6.048153107206539758e-01
9.741567331197100721e-01,-5.304502706254573541e-01
7.415415717939437545e-01,-6.011464116222706711e-01
4.124792697077911408e-01,-2.230873927956992242e-01
3.966736348448400840e-01,8.119746966179257619e-01
8.431431674888871797e-01,-5.871634185271319417e-01
7.630117741369519813e-01,-6.084158031831766733e-01
1.767871936272603917e-01,-1.551160355262385937e-01
-4.047566251501449885e-01,7.990484569698765860e-01
2.130908384591847948e+00,3.955224737853710315e-02
1.516193360601215900e+00,-4.038399404503870693e-01
1.812843071786722549e+00,1.203537765662991837e-01
1.812453511337191125e+00,-2.489734995573674170e-01
1.829891064607385570e-03,2.477527951603189227e-01
-7.772260380373923194e-01,6.904105864214648003e-01
-2.787781371614754811e-01,9.272945440893940461e-01
8.111008086447801801e-01,4.498489962353360294e-01
-7.586412528838408775e-01,5.861995755437388045e-01
-4.749636096256903417e-01,8.771016258752152295e-01
-7.647404731132622091e-01,6.032103642885601191e-01
-1.260895263456474069e+00,3.428156954801707124e-01
1.872439538713122520e+00,-1.908200206459841619e-01
-4.620222512760525646e-01,9.390382653121538414e-01
7.904216247241631077e-01,7.001210081470763402e-01
-7.297702710109088553e-01,9.720576720112803493e-01
4.432053300382958749e-01,7.724161739895716305e-01
9.262128176320826300e-01,-5.307358179013766941e-01
-3.221451534505498371e-02,1.097059501255889469e+00
-7.241427614811641877e-01,6.619139464668748474e-01
-3.052555412435892235e-01,1.123070577275372850e+00
-8.811710333569966469e-01,4.721574874816547029e-01
1.540845954217639591e+00,-2.049288932381847506e-01
1.803076591392501760e-01,1.099548091609965361e+00
-6.239772914423314942e-01,7.896694227345550932e-01
3.762564107100394017e-01,-2.568798925681048395e-01
1.929475591001856838e+00,2.967018660613588432e-01
6.817177208864864946e-02,2.597944717183615637e-01
3.963286934870191014e-01,8.898536555004991078e-01
-9.318252465855298983e-01,9.738597344320876203e-02
2.064795355898223050e+00,3.225107640752358229e-01
-5.024565713719383320e-01,9.713167036049898950e-01
-6.271406497221719556e-02,1.039236204052323309e+00
4.676423861735280463e-01,7.855635868768178209e-01
1.179674290834747952e+00,-5.488104314558667207e-01
2.079674626239419233e+00,6.479018262137206663e-02
4.044335864932802060e-01,-2.298593255967702476e-01
-1.036408454790808786e+00,2.088705580321303379e-01
6.998910031642285867e-01,-4.631676624421611210e-01
7.955124016589116831e-01,4.487770719303185718e-01
-2.625038075476038291e-01,9.373441906554813574e-01
9.228666418670274929e-01,-4.663425166163331914e-01
-9.538875000595403719e-01,3.580923330109068714e-01
2.050994832469149598e-04,1.001138480332947500e+00
7.724053505605795733e-01,-5.156536952109638250e-01
8.133607025571949478e-01,3.963693046889237848e-01
-4.898221802032201033e-01,7.721835310491350635e-01
-1.111123986206382419e+00,2.674767650526342910e-01
1.868025809430329920e+00,-6.566311415953850206e-02
-8.214984281024737545e-01,4.604892163071118705e-01
-9.483746072298143703e-01,2.910778188314193660e-01
3.503623913951314783e-01,-3.825203054006650616e-01
-1.372974112990010820e-02,8.278244993310398536e-01
1.191668531575221346e+00,-4.456384134032334576e-01
4.554337216936724109e-01,7.595156093614803261e-01
-7.965479588042854164e-01,4.031214783953812608e-01
2.002317528762805221e+00,4.018787649854686506e-01
-7.068473758215918501e-01,7.380959243887339483e-01
4.708081432159328394e-01,-3.323674869676233046e-01
7.598818012487235096e-02,2.852493562903417601e-01
1.080120661745256783e+00,-5.118889044890303497e-01
4.023040752609861603e-01,1.065655244681449343e+00
2.065493000809504487e+00,3.674224510200591598e-01
1.595773548518797824e+00,-3.515996165645980387e-01
1.936033809458558075e+00,2.007290654103047189e-01
-5.950539978809759045e-01,6.725564144376507958e-01
-1.030740826063915927e+00,1.111146247414723232e-01
1.916203129607533251e+00,4.028943973512656429e-01
1.318322447306778056e+00,-2.336049105235373791e-01
9.342392954903149249e-01,-5.895021848202600667e-01
4.129415191577461286e-01,7.986876652225823880e-01
1.873627850789274796e-01,-2.956118271177432533e-01
-8.784241254430646961e-01,2.399785254985319916e-01
9.500883250586422690e-01,3.315213840669556933e-01
6.386582891129966022e-01,5.125804899142971660e-01
1.486426847341866031e+00,-1.451139695428349530e-01
-9.595767640910543017e-01,2.917898025296833397e-01
9.900701812897827470e-02,3.509262013310555095e-01
2.286115886801621255e-01,-1.041362060700209008e-01
-8.266034056966875543e-01,4.466921498479821118e-01
7.580164320892034402e-01,-3.116789275623004229e-01
5.516647513081037735e-01,-4.941876784694418934e-01
3.336305337716836683e-01,9.476541009890798728e-01
3.739433606276811317e-01,8.115309478634683549e-01
5.407476772306127888e-01,-4.808524800075109074e-01
-1.904384908543091115e-01,9.117712580450667570e-01
9.754860677276927516e-01,1.309610367243894680e-01
-7.315108280853330758e-01,7.347564347703842147e-01
8.272295045579649564e-01,-6.054841201667938710e-01
1.493758913359365392e+00,-3.212774291321042197e-01
-8.998422446852635259e-01,5.913663838494196412e-01
8.311383148776487761e-01,6.530657520987143139e-01
8.596201830616209127e-01,3.394378518968801384e-01
1.157885484704057166e+00,-5.652104912161094452e-01
1.120800934264887916e+00,-3.773750224518435670e-01
8.799360374699914944e-01,3.953804332843466884e-01
1.194361455154426821e+00,-6.896775412234549263e-01
4.502556666456040274e-02,1.680092876381850397e-01
3.348687639760520307e-01,8.452027547184312040e-01
6.626364337492637313e-01,-4.375017346953701258e-01
2.014439576693353384e+00,2.901327650866328822e-01
1.263109846226726507e+00,-5.696787525971070965e-01
-1.055764335333849502e+00,1.010539906138116922e-01
2.339713562572927341e-02,9.873373265596014914e-01
2.135051462657817645e-01,8.337391080149439415e-02
6.523772449611984214e-01,-4.917496017126523622e-01
1.726248414066721804e+00,-3.087531614557492698e-01
7.265705376621819367e-01,8.911584736207621704e-01
2.041680305319457212e+00,5.654705648216800107e-01
-1.065311330370416254e+00,1.271852508958598027e-01
-5.752850473160493472e-01,5.922587897429394399e-01
3.011087744151480505e-01,8.956785436157850278e-01
2.025524374240338599e+00,4.039646869472804935e-01
1.036708555923254282e+00,4.900013751052180733e-01
-8.333734913638108921e-01,3.809192943099107831e-01
2.964219814890969307e-01,8.880237934687604806e-01
-4.364139549777934501e-03,1.355473637579530377e-01
9.335875507928550476e-01,5.663582417406385350e-01
1.796770768507652827e+00,1.662141112230930973e-01
2.845525811106299763e-01,9.977200341718491794e-01
1.548901683258350426e+00,-2.323776072386306291e-01
1.663715603800013376e+00,-1.615281636589278869e-01
-1.920087253745889067e-01,1.154382778880163274e+00
1.235253175149538807e+00,-4.571761834054401952e-01
8.473090314269347001e-01,4.714662954022313390e-01
8.967532912069944295e-01,8.050080300655756971e-02
9.140320266758689138e-01,2.209773522095789811e-01
-1.211853830092224138e+00,3.029334098990256186e-01
1.494119196528221671e+00,-3.866871462939278636e-01
-7.297779790710123837e-01,5.828363158053805337e-01
1.121962286587738111e+00,-3.803593744844414593e-01
1.895646660483333745e+00,6.116321036451510817e-02
1.449240705213449942e+00,-4.552653773710418905e-01
1.038473092686914567e+00,-4.480832143563853176e-01
8.761822206741907149e-01,6.989332273893062997e-01
-8.367346360981928743e-01,4.725166730810865245e-01
1.741876511177363196e-01,-1.245448915213041019e-01
-2.127847791268727140e-01,1.025284945739699971e+00
2.003431476683174672e+00,3.690659586621714561e-01
1.780780058601128327e-02,1.098975612442811611e+00
1.834765798387571367e+00,-2.030729679299856649e-01
5.278114004577300067e-01,-3.421293940762559771e-01
1.306429434316833893e+00,-4.104679384185883073e-01
2.989756183492475183e-01,7.415283251041330237e-01
1.191698633875857727e+00,-3.759852804090095257e-01
-1.103344839123534094e+00,6.435602170903361730e-01
9.667893264468102599e-01,-4.120224525689961115e-01
6.699826212167023787e-01,-4.696841300951078435e-01
8.590237859147245025e-01,-4.439121040187243850e-01
1.503541008399757878e-02,1.035835639822745957e+00
1.021307584559323578e+00,1.396424140519999246e-01
5.613845541463535760e-01,-4.203611114227535639e-01
3.075828325364690086e-01,7.981542074998076997e-01
1.389536051505783742e+00,-2.837875884452508712e-01
-5.612830317406191094e-01,8.478371946781227964e-01
3.031397296640194750e-01,9.406342265003869718e-01
1.847203074660791478e+00,4.409000327126703644e-01
1.420540613418856735e+00,-4.561528163932511148e-01
2.862154188303748237e-01,9.266647461107426764e-01
6.246931994451428993e-01,5.056028730453966391e-01
9.547889168354108946e-01,-4.771141656533250397e-01
1.219190648048959602e+00,-4.709981269369465373e-01
3.994859718662668868e-01,-3.284146557806204569e-01
-4.391555694620633554e-01,8.408964758369363857e-01
7.402756692514205206e-01,4.884537211682301594e-01
-2.886984836707940927e-01,9.662826083994433546e-01
-6.817444979785352022e-01,8.504603491075672927e-01
8.846763230263451350e-01,7.133907766491685010e-01
1.584149833598170742e-01,1.133437166162569287e+00
1.433424543380370952e+00,-4.729762826056612135e-01
-1.315468902475076286e-02,3.225891072539295856e-01
2.012543788654509669e+00,1.741599946734607718e-01
-2.271660725016778903e-01,1.384221653826064047e-01
8.561427735707651809e-01,2.469167030825474285e-01
1.103146841800977551e+00,3.346715103091708193e-02
1.574426037831498704e+00,-3.845485835905051442e-01
-3.977317725116213953e-01,7.642731241662596986e-01
1.323156200746417044e+00,-3.651995411430352112e-01
1.832747881641613175e+00,-9.778114954448728635e-02
1.780108016700371554e+00,2.731093084064066256e-01
4.824032794905740856e-02,3.731272306430724051e-01
1.643745115353965724e+00,-4.769105118443617286e-01
3.704797741617172901e-01,-3.638567095319478195e-01
1.179649842405805282e+00,4.784311656186564232e-02
-9.997206739243928997e-01,-5.119815208681610663e-02
3.290397454825845780e-01,-4.291363472951256752e-01
1.026859490929688645e+00,1.627288519084708895e-01
2.311283805654828216e-01,1.617866602036859836e-01
1.328308508991020487e+00,-4.201746105573807011e-01
5.860124121393563978e-01,-4.087907973630125480e-01
-3.939387005513096396e-01,9.138868723729960397e-01
1.767447456686153107e+00,4.006577265339425487e-01
8.134897327037451387e-01,-4.525717875658390454e-01
4.702715762656527465e-01,7.879763620212253405e-01
-1.176338618929207991e+00,2.602190106137470260e-01
1.631164679698931641e+00,-1.405521859203324730e-01
3.894039112661477064e-01,-2.877086437712534916e-01
1.174939379229088976e+00,-4.292226893953029476e-01
1.179849847197693424e-01,1.012006889588255243e+00
9.313759654272750765e-01,3.091617344780973053e-01
1.195119113446042047e-01,2.427420778691871395e-01
1.682219430782559977e+00,-2.975863624616383318e-01
-6.489280758661042370e-01,8.260964710242308939e-01
7.933423371753878239e-01,1.314516892920264413e-01
1.353797812851640803e+00,-2.482683261748440118e-01
1.750260742788779078e+00,-9.067965696526297803e-02
4.030855318781708663e-01,-3.310255556110592856e-01
-9.218353779673547077e-01,4.221641195124335999e-01
-1.916539238099271569e-01,8.756015775498859899e-01
2.120314099901348115e+00,1.994016959487128759e-01
-4.372446019566131326e-02,1.058654417715551577e-01
7.399184547505188725e-02,6.957386695508743779e-02
1.913515983064800308e+00,-2.096483361295599646e-01
-2.056307524016225130e-02,9.888788237210291987e-01
1.134704928501530707e+00,7.062429278951343203e-03
-2.232584550869996798e-02,9.709454823134545665e-01
-6.911848781936127395e-01,7.257086583972577332e-01
9.347988485810284631e-01,4.142846075616364310e-01
1.816232222513618710e+00,-5.889207734333912203e-02
3.678600187372957353e-01,8.944090666204487228e-01
7.219020554824013836e-01,-4.738360743773895600e-01
1.510672854546728727e+00,-3.193181852623538930e-01
9.450046874200028757e-01,1.901583837113196285e-01
6.280707705500280236e-01,7.841876709342929797e-01
-5.502963152134005692e-02,1.055849722644122357e+00
-9.008510100702519230e-01,1.318752433610916042e-01
-1.826172394354070583e-01,9.237247374660538801e-01
5.717818533400581549e-01,6.611974342586164344e-01
1.368762022699245295e-01,7.543506421885973756e-01
1.653167717423861038e+00,-3.945093526650567117e-01
-1.229700274289497575e+00,-1.188321357814911827e-01
7.890549547274212649e-01,-5.540147944155422444e-01
2.124818574387981940e+00,3.968924803848278282e-01
1.799203995648968712e+00,3.251071394653638758e-02
-2.215203873646096056e-02,5.052136484837833896e-02
1.322374710184342606e+00,-5.405506708675504868e-01
2.110363248026991823e+00,5.750941797031430269e-01
-6.531996327401182190e-02,2.962358638751477202e-01
-2.904629813554494566e-01,1.059794549467215408e+00
7.389079167117816871e-01,7.440497823491896145e-01
-7.498193291440141683e-01,4.780516235461030883e-01
-1.050401753640908931e+00,-1.255799242822389361e-01
1.200082425565891231e-01,-4.540312082018333473e-01
-5.390632875433968296e-01,6.988461473298840376e-01
3.190873848120243661e-01,9.916362510021775600e-01
2.462842006766524650e-01,8.310390492389476691e-01
8.497859731211778733e-01,-5.204904999413931810e-01
8.993109504742942129e-01,3.722552262872071416e-01
9.378402797052172168e-01,2.522682075217345110e-01
1.563878435626123165e-01,9.513371001221880841e-01
7.158905209927667324e-01,7.627369991732741994e-01
-7.979677932113112826e-01,4.017063569194074812e-01
-7.749957086674634787e-01,4.236277417582069993e-01
3.191655849935461087e-02,3.167709167045756335e-01
-9.481967769690463621e-01,2.771879034940626374e-01
2.880484849837537942e-01,-4.827993009244646583e-02
-3.410868019658442329e-01,1.040278095076489828e+00
-1.009774565640295663e+00,2.954392600249777789e-01
1.815597524748133074e+00,-2.247447308897247420e-01
7.755996803413529594e-01,5.246251384341272805e-01
1.183501158006490250e+00,-5.349674622649233102e-01
2.058407962233751665e+00,6.975244364877038195e-02
-3.887326634013330007e-02,5.516183788241899727e-02
1.855096150636207586e+00,-1.985460223722339268e-02
1.882171578527430444e+00,1.613912103578111212e-01
9.805345196168833155e-01,4.615778391640641409e-01
-9.941693772524311523e-01,2.547487280048841285e-01
1.779059180410554220e+00,-1.638560046252968139e-01
-6.874667689759010603e-02,3.993763087262147127e-01
-8.260191159540233308e-01,2.111517596931712093e-01
8.883592141880249926e-01,2.669406087853146703e-01
1.008306942546297602e+00,-4.916181001902477643e-01
4.798973112627530346e-01,-4.606366979805824879e-01
-7.918880012153224346e-01,3.831661170889207879e-01
7.393450837190832514e-01,5.028588873059871567e-01
2.667487800051636104e-01,9.102229913900705682e-02
1.846993506134145591e+00,-8.103800456917265027e-02
8.984907022230896878e-01,6.860528459959375214e-01
9.651657243573237288e-01,-5.795184575262558591e-01
-6.592750617484187392e-02,1.044236517344694581e+00
8.930107207211335218e-01,-1.241363324673555590e-02
-8.755001460526027346e-01,3.273615389873283377e-01
6.326924039503625252e-01,7.791680214860164932e-01
1.843614266208742691e+00,2.505270752220218472e-02
1.772736263402477253e+00,1.457986321904728710e-01
-8.532014283317618242e-01,8.971251400472127768e-01
9.694054632075342903e-01,1.435242137822344555e-01
7.145819998433111664e-02,2.029817249967458270e-01
3.466264564328837006e-01,6.556428005311515372e-02
3.132373667923933902e-01,-1.570370679646576617e-03
1.321514674354734298e-01,3.982738523914263751e-01
6.023491176102710454e-02,1.004123355911636706e+00
1.578053571996958837e+00,-2.773412185619252845e-01
-3.494124277202323992e-01,9.775902718724407414e-01
1.010705994534752961e+00,6.141846931169331336e-02
1.210501673632839725e-01,-3.096760105832135901e-02
1.964670371764845935e+00,4.652938698963736686e-01
1.536034756844385785e-01,-1.029655132836943404e-01
-6.606098439012936252e-01,9.141761521764762977e-01
5.269088087115161301e-01,-3.154300418720208388e-01
-4.767424669188909392e-01,8.487100433103833552e-01
1.675483198876856150e+00,-8.325745688814058243e-02
1.100204624551188504e+00,2.451375955232797943e-01
3.799836081994936166e-01,-1.840473928128222303e-01
6.439800240574655721e-01,-4.220246252334075021e-01
7.086330607710729090e-01,-4.614684312304577207e-01
-9.871419829876642016e-01,1.201995316194669344e-01
-5.920412267368266868e-01,6.970210990763952008e-01
1.412229962638722247e+00,-6.004744187891606355e-01
5.766410463949240839e-01,-4.383758602871115073e-01
-9.603649190175841399e-01,3.826470568103675918e-01
5.806030275395631657e-01,9.195816189785958050e-01
-8.706326030358358947e-01,6.418534218485314469e-01
1.251884795756974089e+00,-5.498689885444097980e-01
6.302518623680707366e-01,7.902252690882597408e-01
5.120733175319602815e-01,-3.028119859159192906e-01
6.277890871083917634e-01,-4.345999612743969842e-01
-4.569838072132402229e-01,1.052416156778144041e+00
1.969675062636493612e+00,4.534910106293136289e-01
9.692859245325227135e-01,3.477277882175269785e-01
-1.045098269171036653e+00,2.483630583501990619e-01
8.845950119543871670e-01,7.121336700237616002e-01
5.073341139603347871e-01,-3.538387142092219717e-01
1.083730097304569595e+00,1.674093535651567377e-01
1.844055744320341139e+00,8.205538454177929708e-02
1.228867189030149465e+00,-4.518813506827776272e-01
-1.748334354759949472e-01,7.335485372625134559e-01
6.443766962696910738e-01,-3.422139337323746311e-01
1.001845995611182261e+00,3.068104689125565887e-01
1.978357639136882673e+00,1.284339219932189580e-01
-4.912506896772140252e-01,8.256912872296723327e-01
1.982987052848437903e+00,4.272855882710669961e-01
8.345264620558543456e-01,3.364280104176925468e-01
2.378667430868366128e-01,-1.238715043738425059e-01
-3.000697099589195727e-01,8.220498141509423595e-01
8.277816755469412646e-01,-2.446246747199901372e-01
9.854380720077493550e-01,4.261510763231530774e-01
2.388511728103031029e-01,-1.447551374179572303e-01
1.678775032267265654e-01,3.996744523207843569e-01
1.076099481708833627e+00,4.578972100308865700e-01
2.027380365772512683e+00,2.055583858144039433e-01
1.305005707785258373e-01,-2.132045196792249353e-01
1.401242081280452245e+00,-3.674864014800317547e-01
9.594166649103045286e-01,-4.868186217941438132e-01
6.459554250606632797e-01,-6.277209233771452457e-01
8.891910988372806468e-01,6.915387140044554348e-01
2.118757074915512406e-01,9.315798291280806831e-01
-1.697082900622018942e-01,8.880541535049475410e-01
-6.752908428776516203e-02,2.523512555149748371e-01
-2.971915370895935049e-01,1.053721931325338756e+00
1.499468639230584044e+00,-3.797337048061915077e-01
-4.493324956520295954e-01,9.313338741620793559e-01
3.672835906174252985e-02,4.295112687858290146e-01
1.185679309570755846e+00,-5.841882671158443729e-01
1.905937314313431274e+00,3.445934868990970235e-01
-5.470293987512733769e-02,4.376347689728962154e-01
4.237479814755959473e-03,-1.354292596182047892e-01
-9.888044096075009337e-01,2.628468263553120354e-01
7.726761670394033388e-01,4.328591122202570807e-01
1.457243906309464987e-01,9.503481123740078473e-01
-1.014942375542056574e+00,2.118975484351262317e-01
-2.389543509824416656e-01,1.111083954698748988e+00
6.711165781376629003e-01,-3.583359118400223919e-01
1.839411430456669994e+00,2.931678943674161930e-01
-5.845993926442495381e-01,7.838541379677720355e-01
1.166656389073883249e+00,-3.437706008255088097e-01
-1.811255848795992884e-01,7.065028895818307175e-01
-6.383244416276482314e-01,5.833572706913930928e-01
9.922806863884310324e-01,8.084977435562862302e-02
1.618774304105950190e-01,5.405932594978074546e-01
9.400159356287740575e-03,-1.550328111699750266e-02
1.908921901548123579e+00,3.498031764218213491e-01
6.215085996715751238e-01,-4.563130058248363596e-01
-4.293148475207664294e-02,1.542971199994106202e-01
-2.184121250165572958e-01,8.453242178877571344e-01
-5.127258427811032249e-03,-1.869297587213311629e-03
5.545066781528402711e-01,8.075132951282104621e-01
1.949751679273972860e+00,-6.588094345115680373e-02
-7.621979124441615738e-01,8.810657685788965132e-01
-5.149328952460147102e-01,6.948480042111617738e-01
-3.804431401157302300e-02,2.840264694952528979e-01
-8.211058837933922216e-01,7.471804532780955688e-01
1.373319703898088218e-01,9.791453600500770182e-01
1.155523391802574684e+00,-4.919044960932488775e-01
3.583148497275430167e-01,-2.661921007190610755e-01
2.529525557012378689e-01,8.836049987089278357e-01
8.909341548315088399e-01,2.606852918581749057e-01
4.977204402288671892e-01,8.608300230091536775e-01
4.811849180030171036e-01,7.897762634680546290e-01
9.083497303300102077e-01,1.802240895926088271e-01
1.266013514022563680e+00,-3.036886519410262331e-01
1.149347819250412295e+00,-6.171341108544327048e-01
-6.578118237965298321e-02,9.936282598197124782e-01
1.986619731822821810e-01,8.419176269608291685e-02
1.058723735792594239e-01,1.444054138695288203e-01
5.184135308761179672e-01,3.697470724716755974e-02
-4.476025274601270754e-01,8.788791852469782784e-01
9.302161534874273108e-02,1.060001538919012276e+00
7.179313933244851897e-01,8.289239726327800595e-01
-6.453576689752213991e-01,4.962030708012469815e-01
1.806863222157742976e-01,1.007662193405224116e+00
-3.190742676555786139e-01,9.229284945458335887e-01
-9.723599929545152509e-01,3.221092624426703521e-01
-6.880816472861345234e-01,6.575178359140284590e-01
6.501107983641933874e-01,7.339005440815785652e-01
1.857608530259915014e+00,-1.199427097644367446e-01
-1.477537350378050063e-01,5.356556399365473009e-01
-1.129785196296988037e+00,2.218036187718776531e-01
1.568441999174549906e-01,1.650491659989217486e-01
6.701867279915805220e-01,-4.573374948322123101e-01
2.040434103108635711e+00,3.359106665324697594e-01
-8.050945452430006977e-03,2.431879744192263493e-01
2.099697602427202658e-01,3.066009283041842282e-01
-4.343967372553254602e-01,-5.128186486700266888e-01
-3.493596837438388558e-01,-5.464185142558273256e-01
-4.122966725691953327e-01,-6.298950173705668565e-01
-4.469511135600404694e-01,-5.026767730548222790e-01
-4.383608440620099800e-01,-5.244619347670164133e-01
-8.200102160406724794e-02,-2.916499689315267818e-01
-6.896931333901994421e-01,-4.598515625969841203e-01
-3.581478127017367341e-01,-5.325063822295202920e-01
-3.676497604938899211e-01,-3.720142513663458050e-01
-4.200960733067459763e-01,-2.916454216438353342e-01
-2.672545806401960267e-01,-6.852395069788044246e-01
-3.939387041399581291e-01,-5.054513735163104204e-01
-6.517527241744169864e-01,-6.779441690882708205e-01
-4.732471252102604109e-01,-5.724722953674803438e-01
-4.441657874328110434e-01,-4.392694858321287699e-01
-6.086510015687494057e-01,-5.269671978147453251e-01
-3.480799336367130792e-01,-4.594451862175411572e-01
-5.670905818667604237e-01,-5.467401252321040239e-01
-4.736038458610792312e-01,-4.063586517099465611e-01
-5.068771345261249284e-01,-4.004757643633193309e-01
-3.797899277898608705e-01,-7.307645909772698678e-01
-4.948810306703629314e-01,-7.646741138187662656e-01
-6.528820866328521877e-01,-5.654019234716421982e-01
-8.404283436474087043e-01,-3.304720317433700316e-01
-5.711271291159676355e-01,-3.752932511547619199e-01
-4.084803904907142180e-01,-5.746506969595285286e-01
-4.240071028932589359e-01,-4.586492144608854682e-01
-8.844717053355275471e-01,-3.050118298260869887e-01
-6.438501182711533488e-01,-4.437704010100708141e-01
-4.867868948086787606e-01,-5.289757829649578413e-01
-7.865082588368370597e-01,-5.798738768364195550e-01
-5.149549575254048772e-01,-6.279885084957865793e-01
-6.394829827154412394e-01,-7.048618736024969689e-01
-7.590621692674239807e-01,-4.371496836406871256e-01
-4.369705235078345518e-01,-2.447425031269045981e-01
-6.042113064874446993e-01,-6.744388445872073756e-01
-4.188214114312847625e-01,-3.999208884799063668e-01
-8.166026858115218445e-01,-3.937312562882292477e-01
-3.355259549914766937e-01,-3.946099813492713326e-01
-7.192623903278387854e-01,-5.567440046927668584e-01
-5.404853829170788160e-01,-3.701536137462801968e-01
-4.809525416711019075e-01,-7.073938134964687929e-01
-7.729800561169055673e-01,-2.897156117801694686e-01
-4.784157696696778594e-01,-5.185227830634961954e-01
-5.290470608231374605e-01,-6.619416156930755246e-01
-5.596589311602409023e-01,-7.578807233446731573e-01
-8.903364048511845930e-01,-1.413846955365829494e-01
-4.518026984919545908e-01,-3.343927280672991942e-01
-4.086754956524714100e-01,-6.982703765179780753e-01
-5.671446385778697863e-01,-3.397101665300978901e-01
-6.001258235443712730e-01,-4.183584223497229249e-01
-7.700716436160380818e-01,-4.494097017435902397e-01
-5.931032306005461496e-01,-5.804155204557609471e-01
-4.777214217125205220e-01,-7.528693501228781448e-01
-4.600168121979748004e-01,-1.423503649065839816e-01
-4.458956017388608917e-01,-5.914800144684009275e-01
-4.536864734782020681e-01,-5.954959027391611981e-01
-4.103926207243834279e-01,-3.989478299950292017e-01
-4.166757503589996192e-01,-5.118632204923728724e-01
-5.916752926702251170e-01,-3.116549351401810553e-01
-6.168347469575317099e-01,-6.595127142499719319e-01
-3.341730233896484936e-01,-6.304915363206647916e-01
-4.709145042467997033e-01,-4.474705312917066635e-01
-5.379189742330692248e-01,-6.238174638252453885e-01
-2.548236931428381480e-01,-2.785693412457196372e-01
-8.099192968852384489e-01,-2.930480352222294971e-01
-5.790801675589890563e-01,-6.431875049640906061e-01
-5.031082546949322554e-01,-5.056371444216446465e-01
-5.914490520447934774e-01,-4.560121194012667911e-01
-3.079475686398122636e-01,-4.755999863027475238e-01
-7.031253862741150273e-01,-5.897626798064017350e-01
-5.037122943395399011e-01,-5.869029328738821771e-01
-4.466823209716061505e-01,-8.294877537817819668e-01
-4.665837048402001752e-01,-6.374633158713101100e-01
-5.370654081367632893e-01,-5.644261428280640258e-01
-6.485783004778209460e-01,-2.608000471000296860e-01
-3.429188318781076772e-01,-6.154414195342718941e-01
-6.224797251099833950e-01,-2.665026011679233475e-01
-6.076806716311697887e-01,-2.081843372941487580e-01
-5.280120536907209061e-01,-4.530407649729816799e-01
-4.780924236801595284e-01,-6.542773593860740089e-01
-4.448906531934412878e-01,-7.871491423392101838e-01
-3.335346508815203448e-01,-4.350658311822530044e-01
-7.109092994050028036e-01,-6.733846733120120165e-01
-6.692072164095808073e-01,-4.555064466462895312e-01
-8.040144355371432461e-01,-3.455569347419700232e-01
-4.040936879599859588e-01,-1.319036242485557286e-01
-5.250500827070380128e-01,-4.475126165555168289e-01
-3.561026673984940549e-01,-2.610744525290252804e-01
-4.216230008018712061e-01,-4.789823430865948195e-01
-4.577485775341391672e-01,-5.522732904627287720e-01
-4.944512022401930662e-01,-3.452603812677298434e-01
-6.352565165970311956e-01,-3.535375034987339182e-01
-2.985381536716492645e-01,-7.945882327847060278e-01
-3.775017672295261084e-01,-6.660552112283775195e-01
-7.007376391997317544e-01,-6.619278022558785501e-01
-3.720686304107021503e-01,-5.468244567626343589e-01
-4.462751487533283545e-01,-3.550393586609119634e-01
-6.804748833942622088e-01,-3.054640816177238150e-01
-6.624554494686025752e-01,-4.517324580709697890e-01
